Frame,Joint 2 X,Joint 2 Y
0,49.820161304100765,-1.434922129884959
